individualID,specimenID,specimenIdSource,organ,tissue,BrodmannArea,sampleStatus,tissueWeight,tissueVolume,nucleicAcidSource,cellType,fastingState,isPostMortem,samplingAge
32040,32040,,blood,serum,,frozen,,,,,FALSE,FALSE,
32040,32040GIS,,brain,whole brain,,formalin-fixed,,,,,FALSE,TRUE,
32040,32040H&E,,brain,whole brain,,formalin-fixed,,,,,FALSE,TRUE,
32040,32040X34,,brain,whole brain,,formalin-fixed,,,,,FALSE,TRUE,
32040,32040LFI,,brain,whole brain,,formalin-fixed,,,,,FALSE,TRUE,
32040,32040CVLB,,brain,whole brain,,formalin-fixed,,,,,FALSE,TRUE,
32040,32040NC,,brain,whole brain,,formalin-fixed,,,,,FALSE,TRUE,
32040,32040ThioS,,brain,whole brain,,formalin-fixed,,,,,FALSE,TRUE,
32042,32042,,blood,serum,,frozen,,,,,FALSE,FALSE,
32042,32042GIS,,brain,whole brain,,formalin-fixed,,,,,FALSE,TRUE,
32042,32042H&E,,brain,whole brain,,formalin-fixed,,,,,FALSE,TRUE,
32042,32042X34,,brain,whole brain,,formalin-fixed,,,,,FALSE,TRUE,
32042,32042LFI,,brain,whole brain,,formalin-fixed,,,,,FALSE,TRUE,
32042,32042CVLB,,brain,whole brain,,formalin-fixed,,,,,FALSE,TRUE,
32042,32042NC,,brain,whole brain,,formalin-fixed,,,,,FALSE,TRUE,
32042,32042ThioS,,brain,whole brain,,formalin-fixed,,,,,FALSE,TRUE,
32042,"32042TS1,7",,brain,whole brain,,formalin-fixed,,,,,FALSE,TRUE,
32043,32043,,blood,serum,,frozen,,,,,FALSE,FALSE,
32043,32043LFI,,brain,whole brain,,formalin-fixed,,,,,FALSE,TRUE,
32043,32043rh,,brain,whole brain,,frozen,,,,,FALSE,TRUE,
32044,32044,,blood,serum,,frozen,,,,,FALSE,FALSE,
32044,32044GIS,,brain,whole brain,,formalin-fixed,,,,,FALSE,TRUE,
32044,32044H&E,,brain,whole brain,,formalin-fixed,,,,,FALSE,TRUE,
32044,32044X34,,brain,whole brain,,formalin-fixed,,,,,FALSE,TRUE,
32044,32044LFI,,brain,whole brain,,formalin-fixed,,,,,FALSE,TRUE,
32044,32044CVLB,,brain,whole brain,,formalin-fixed,,,,,FALSE,TRUE,
32044,32044NC,,brain,whole brain,,formalin-fixed,,,,,FALSE,TRUE,
32044,32044ThioS,,brain,whole brain,,formalin-fixed,,,,,FALSE,TRUE,
32044,"32044TS2,6,8,9",,brain,whole brain,,formalin-fixed,,,,,FALSE,TRUE,
32044,32044rh,,brain,whole brain,,frozen,,,,,FALSE,TRUE,
32045,32045,,blood,serum,,frozen,,,,,FALSE,FALSE,
32046,32046,,blood,serum,,frozen,,,,,FALSE,FALSE,
32046,32046GIS,,brain,whole brain,,formalin-fixed,,,,,FALSE,TRUE,
32046,32046H&E,,brain,whole brain,,formalin-fixed,,,,,FALSE,TRUE,
32046,32046LIF,,brain,whole brain,,formalin-fixed,,,,,FALSE,TRUE,
32046,32046LB,,brain,whole brain,,formalin-fixed,,,,,FALSE,TRUE,
32046,32046NC,,brain,whole brain,,formalin-fixed,,,,,FALSE,TRUE,
32046,32046ThioS,,brain,whole brain,,formalin-fixed,,,,,FALSE,TRUE,
32046,32046rh,,brain,whole brain,,frozen,,,,,FALSE,TRUE,
32047,32047,,blood,serum,,frozen,,,,,FALSE,FALSE,
32047,32047rh,,brain,whole brain,,frozen,,,,,FALSE,TRUE,
32048,32048rh,,brain,whole brain,,frozen,,,,,FALSE,TRUE,
32049,32049,,blood,serum,,frozen,,,,,FALSE,FALSE,
32049,32049rh,,brain,whole brain,,frozen,,,,,FALSE,TRUE,
32050,32050,,blood,serum,,frozen,,,,,FALSE,FALSE,
32050,32050CDIF,,brain,whole brain,,formalin-fixed,,,,,FALSE,TRUE,
32050,32050H&E,,brain,whole brain,,formalin-fixed,,,,,FALSE,TRUE,
32050,32050LIF,,brain,whole brain,,formalin-fixed,,,,,FALSE,TRUE,
32050,32050LB,,brain,whole brain,,formalin-fixed,,,,,FALSE,TRUE,
32050,32050NC,,brain,whole brain,,formalin-fixed,,,,,FALSE,TRUE,
32050,32050ThioS,,brain,whole brain,,formalin-fixed,,,,,FALSE,TRUE,
32050,32050rh,,brain,whole brain,,frozen,,,,,FALSE,TRUE,
32051,32051,,blood,serum,,frozen,,,,,FALSE,FALSE,
32051,32051CDIF,,brain,whole brain,,formalin-fixed,,,,,FALSE,TRUE,
32051,32051GIS,,brain,whole brain,,formalin-fixed,,,,,FALSE,TRUE,
32051,32051H&E,,brain,whole brain,,formalin-fixed,,,,,FALSE,TRUE,
32051,32051LIF,,brain,whole brain,,formalin-fixed,,,,,FALSE,TRUE,
32051,32051LB,,brain,whole brain,,formalin-fixed,,,,,FALSE,TRUE,
32051,32051NC,,brain,whole brain,,formalin-fixed,,,,,FALSE,TRUE,
32051,32051ThioS,,brain,whole brain,,formalin-fixed,,,,,FALSE,TRUE,
32052,32052,,blood,serum,,frozen,,,,,FALSE,FALSE,
32052,32052rh,,brain,whole brain,,frozen,,,,,FALSE,TRUE,
32053,32053,,blood,serum,,frozen,,,,,FALSE,FALSE,
32053,32053rh,,brain,whole brain,,frozen,,,,,FALSE,TRUE,
32054,32054,,blood,serum,,frozen,,,,,FALSE,FALSE,
32055,32055,,blood,serum,,frozen,,,,,FALSE,FALSE,
32056,32056,,blood,serum,,frozen,,,,,FALSE,FALSE,
32057,32057,,blood,serum,,frozen,,,,,FALSE,FALSE,
32057,32057rh,,brain,whole brain,,frozen,,,,,FALSE,TRUE,
32058,32058,,blood,serum,,frozen,,,,,FALSE,FALSE,
32059,32059,,blood,serum,,frozen,,,,,FALSE,FALSE,
32059,32059GIS,,brain,whole brain,,formalin-fixed,,,,,FALSE,TRUE,
32059,32059H&E,,brain,whole brain,,formalin-fixed,,,,,FALSE,TRUE,
32059,32059LIF,,brain,whole brain,,formalin-fixed,,,,,FALSE,TRUE,
32059,32059LB,,brain,whole brain,,formalin-fixed,,,,,FALSE,TRUE,
32059,32059NC,,brain,whole brain,,formalin-fixed,,,,,FALSE,TRUE,
32059,32059ThioS,,brain,whole brain,,formalin-fixed,,,,,FALSE,TRUE,
32059,32059rh,,brain,whole brain,,frozen,,,,,FALSE,TRUE,
32060,32060,,blood,serum,,frozen,,,,,FALSE,FALSE,
32061,32061,,blood,serum,,frozen,,,,,FALSE,FALSE,
32061,32061rh,,brain,whole brain,,frozen,,,,,FALSE,TRUE,
32062,32062,,blood,serum,,frozen,,,,,FALSE,FALSE,
32062,32062GIS,,brain,whole brain,,formalin-fixed,,,,,FALSE,TRUE,
32062,32062H&E,,brain,whole brain,,formalin-fixed,,,,,FALSE,TRUE,
32062,32062X34,,brain,whole brain,,formalin-fixed,,,,,FALSE,TRUE,
32062,32062LFI,,brain,whole brain,,formalin-fixed,,,,,FALSE,TRUE,
32062,32062CVLB,,brain,whole brain,,formalin-fixed,,,,,FALSE,TRUE,
32062,32062NC,,brain,whole brain,,formalin-fixed,,,,,FALSE,TRUE,
32062,32062ThioS,,brain,whole brain,,formalin-fixed,,,,,FALSE,TRUE,
32062,"32062TS1,2,3,5,6",,brain,whole brain,,formalin-fixed,,,,,FALSE,TRUE,
32062,32062rh,,brain,whole brain,,frozen,,,,,FALSE,TRUE,
32063,32063,,blood,serum,,frozen,,,,,FALSE,FALSE,
32064,32064,,blood,serum,,frozen,,,,,FALSE,FALSE,
32065,32065,,blood,serum,,frozen,,,,,FALSE,FALSE,
32065,32065rh,,brain,whole brain,,frozen,,,,,FALSE,TRUE,
32066,32066,,blood,serum,,frozen,,,,,FALSE,FALSE,
32066,32066NC,,brain,whole brain,,formalin-fixed,,,,,FALSE,TRUE,
32067,32067,,blood,serum,,frozen,,,,,FALSE,FALSE,
32067,32067rh,,brain,whole brain,,frozen,,,,,FALSE,TRUE,
32068,32068,,blood,serum,,frozen,,,,,FALSE,FALSE,
32068,32068rh,,brain,whole brain,,frozen,,,,,FALSE,TRUE,
32069,32069,,blood,serum,,frozen,,,,,FALSE,FALSE,
32070,32070,,blood,serum,,frozen,,,,,FALSE,FALSE,
32070,32070rh,,brain,whole brain,,frozen,,,,,FALSE,TRUE,
32071,32071,,blood,serum,,frozen,,,,,FALSE,FALSE,
32072,32072,,blood,serum,,frozen,,,,,FALSE,FALSE,
32073,32073,,blood,serum,,frozen,,,,,FALSE,FALSE,
32073,32073rh,,brain,whole brain,,frozen,,,,,FALSE,TRUE,
32074,32074,,blood,serum,,frozen,,,,,FALSE,FALSE,
32074,32074rh,,brain,whole brain,,frozen,,,,,FALSE,TRUE,
32075,32075,,blood,serum,,frozen,,,,,FALSE,FALSE,
32075,32075rh,,brain,whole brain,,frozen,,,,,FALSE,TRUE,
32078,32078,,blood,serum,,frozen,,,,,FALSE,FALSE,
32078,32078H&E,,brain,whole brain,,formalin-fixed,,,,,FALSE,TRUE,
32078,32078X34,,brain,whole brain,,formalin-fixed,,,,,FALSE,TRUE,
32078,32078LIF,,brain,whole brain,,formalin-fixed,,,,,FALSE,TRUE,
32078,32078LBCV,,brain,whole brain,,formalin-fixed,,,,,FALSE,TRUE,
32078,32078NC,,brain,whole brain,,formalin-fixed,,,,,FALSE,TRUE,
32078,32078ThioS,,brain,whole brain,,formalin-fixed,,,,,FALSE,TRUE,
32078,32078rh,,brain,whole brain,,frozen,,,,,FALSE,TRUE,
32081,32081,,blood,serum,,frozen,,,,,FALSE,FALSE,
32081,32081rh,,brain,whole brain,,frozen,,,,,FALSE,TRUE,
32082,32082,,blood,serum,,frozen,,,,,FALSE,FALSE,
32083,32083,,blood,serum,,frozen,,,,,FALSE,FALSE,
32084,32084,,blood,serum,,frozen,,,,,FALSE,FALSE,
32085,32085,,blood,serum,,frozen,,,,,FALSE,FALSE,
32086,32086,,blood,serum,,frozen,,,,,FALSE,FALSE,
32088,32088,,blood,serum,,frozen,,,,,FALSE,FALSE,
32088,32088LFI,,brain,whole brain,,formalin-fixed,,,,,FALSE,TRUE,
32088,32088rh,,brain,whole brain,,frozen,,,,,FALSE,TRUE,
32640,32640,,blood,serum,,frozen,,,,,FALSE,FALSE,
32640,32640rh,,brain,whole brain,,frozen,,,,,FALSE,TRUE,
32641,32641,,blood,serum,,frozen,,,,,FALSE,FALSE,
32643,32643,,blood,serum,,frozen,,,,,FALSE,FALSE,
42804,42804,,blood,serum,,fresh,,,,,FALSE,FALSE,
42805,42805,,blood,serum,,fresh,,,,,FALSE,FALSE,
42806,42806,,blood,serum,,fresh,,,,,FALSE,FALSE,
42813,42813,,blood,serum,,fresh,,,,,FALSE,FALSE,
42818,42818,,blood,serum,,fresh,,,,,FALSE,FALSE,
42819,42819,,blood,serum,,fresh,,,,,FALSE,FALSE,
44001,44001,,blood,serum,,fresh,,,,,FALSE,FALSE,
44004,44004,,blood,serum,,fresh,,,,,FALSE,FALSE,
44005,44005,,blood,serum,,fresh,,,,,FALSE,FALSE,
44006,44006,,blood,serum,,fresh,,,,,FALSE,FALSE,
44008,44008,,blood,serum,,fresh,,,,,FALSE,FALSE,
44011,44011,,blood,serum,,fresh,,,,,FALSE,FALSE,
44012,44012,,blood,serum,,fresh,,,,,FALSE,FALSE,
44013,44013,,blood,serum,,fresh,,,,,FALSE,FALSE,
44015,44015,,blood,serum,,fresh,,,,,FALSE,FALSE,
44016,44016,,blood,serum,,fresh,,,,,FALSE,FALSE,
44018,44018,,blood,serum,,fresh,,,,,FALSE,FALSE,
44020,44020,,blood,serum,,fresh,,,,,FALSE,FALSE,
44029,44029,,blood,serum,,fresh,,,,,FALSE,FALSE,
44031,44031,,blood,serum,,fresh,,,,,FALSE,FALSE,
44033,44033,,blood,serum,,fresh,,,,,FALSE,FALSE,
44034,44034,,blood,serum,,fresh,,,,,FALSE,FALSE,
44320,44320,,blood,serum,,fresh,,,,,FALSE,FALSE,
44387,44387,,blood,serum,,fresh,,,,,FALSE,FALSE,
44388,44388,,blood,serum,,fresh,,,,,FALSE,FALSE,
44395,44395,,blood,serum,,fresh,,,,,FALSE,FALSE,
44397,44397,,blood,serum,,fresh,,,,,FALSE,FALSE,
44932,44932,,blood,serum,,fresh,,,,,FALSE,FALSE,
44934,44934,,blood,serum,,fresh,,,,,FALSE,FALSE,
46105,46105,,blood,serum,,frozen,,,,,FALSE,FALSE,
46105,46105H&E,,brain,whole brain,,formalin-fixed,,,,,FALSE,TRUE,
46105,46105X34,,brain,whole brain,,formalin-fixed,,,,,FALSE,TRUE,
46105,46105LIF,,brain,whole brain,,formalin-fixed,,,,,FALSE,TRUE,
46105,46105LBCV,,brain,whole brain,,formalin-fixed,,,,,FALSE,TRUE,
46105,46105NC,,brain,whole brain,,formalin-fixed,,,,,FALSE,TRUE,
46105,46105ThioS,,brain,whole brain,,formalin-fixed,,,,,FALSE,TRUE,
46105,46105rh,,brain,whole brain,,frozen,,,,,FALSE,TRUE,
46106,46106,,blood,serum,,frozen,,,,,FALSE,FALSE,
46106,46106GIS,,brain,whole brain,,formalin-fixed,,,,,FALSE,TRUE,
46106,46106H&E,,brain,whole brain,,formalin-fixed,,,,,FALSE,TRUE,
46106,46106LIF,,brain,whole brain,,formalin-fixed,,,,,FALSE,TRUE,
46106,46106LB,,brain,whole brain,,formalin-fixed,,,,,FALSE,TRUE,
46106,46106NC,,brain,whole brain,,formalin-fixed,,,,,FALSE,TRUE,
46106,46106ThioS,,brain,whole brain,,formalin-fixed,,,,,FALSE,TRUE,
46106,46106rh,,brain,whole brain,,frozen,,,,,FALSE,TRUE,
46107,46107,,blood,serum,,frozen,,,,,FALSE,FALSE,
46107,46107rh,,brain,whole brain,,frozen,,,,,FALSE,TRUE,
46108,46108,,blood,serum,,frozen,,,,,FALSE,FALSE,
46108,46108GIS,,brain,whole brain,,formalin-fixed,,,,,FALSE,TRUE,
46108,46108H&E,,brain,whole brain,,formalin-fixed,,,,,FALSE,TRUE,
46108,46108X34,,brain,whole brain,,formalin-fixed,,,,,FALSE,TRUE,
46108,46108LFI,,brain,whole brain,,formalin-fixed,,,,,FALSE,TRUE,
46108,46108CVLB,,brain,whole brain,,formalin-fixed,,,,,FALSE,TRUE,
46108,46108NC,,brain,whole brain,,formalin-fixed,,,,,FALSE,TRUE,
46108,46108ThioS,,brain,whole brain,,formalin-fixed,,,,,FALSE,TRUE,
46108,46108rh,,brain,whole brain,,frozen,,,,,FALSE,TRUE,
46109,46109,,blood,serum,,frozen,,,,,FALSE,FALSE,
46109,46109rh,,brain,whole brain,,frozen,,,,,FALSE,TRUE,
46110,46110,,blood,serum,,frozen,,,,,FALSE,FALSE,
46110,46110GIS,,brain,whole brain,,formalin-fixed,,,,,FALSE,TRUE,
46110,46110H&E,,brain,whole brain,,formalin-fixed,,,,,FALSE,TRUE,
46110,46110LIF,,brain,whole brain,,formalin-fixed,,,,,FALSE,TRUE,
46110,46110LB,,brain,whole brain,,formalin-fixed,,,,,FALSE,TRUE,
46110,46110NC,,brain,whole brain,,formalin-fixed,,,,,FALSE,TRUE,
46110,46110ThioS,,brain,whole brain,,formalin-fixed,,,,,FALSE,TRUE,
46110,46110rh,,brain,whole brain,,frozen,,,,,FALSE,TRUE,
46111,46111,,blood,serum,,frozen,,,,,FALSE,FALSE,
46111,46111GIS,,brain,whole brain,,formalin-fixed,,,,,FALSE,TRUE,
46111,46111H&E,,brain,whole brain,,formalin-fixed,,,,,FALSE,TRUE,
46111,46111X34,,brain,whole brain,,formalin-fixed,,,,,FALSE,TRUE,
46111,46111LFI,,brain,whole brain,,formalin-fixed,,,,,FALSE,TRUE,
46111,46111CVLB,,brain,whole brain,,formalin-fixed,,,,,FALSE,TRUE,
46111,46111NC,,brain,whole brain,,formalin-fixed,,,,,FALSE,TRUE,
46111,46111ThioS,,brain,whole brain,,formalin-fixed,,,,,FALSE,TRUE,
46111,"46111TS4,5",,brain,whole brain,,formalin-fixed,,,,,FALSE,TRUE,
46111,46111rh,,brain,whole brain,,frozen,,,,,FALSE,TRUE,
46112,46112,,blood,serum,,frozen,,,,,FALSE,FALSE,
46112,46112rh,,brain,whole brain,,frozen,,,,,FALSE,TRUE,
46113,46113,,blood,serum,,frozen,,,,,FALSE,FALSE,
46113,46113rh,,brain,whole brain,,frozen,,,,,FALSE,TRUE,
46114,46114,,blood,serum,,frozen,,,,,FALSE,FALSE,
46115,46115,,blood,serum,,frozen,,,,,FALSE,FALSE,
46115,46115GIS,,brain,whole brain,,formalin-fixed,,,,,FALSE,TRUE,
46115,46115H&E,,brain,whole brain,,formalin-fixed,,,,,FALSE,TRUE,
46115,46115X34,,brain,whole brain,,formalin-fixed,,,,,FALSE,TRUE,
46115,46115LFI,,brain,whole brain,,formalin-fixed,,,,,FALSE,TRUE,
46115,46115CVLB,,brain,whole brain,,formalin-fixed,,,,,FALSE,TRUE,
46115,46115NC,,brain,whole brain,,formalin-fixed,,,,,FALSE,TRUE,
46115,46115ThioS,,brain,whole brain,,formalin-fixed,,,,,FALSE,TRUE,
46115,46115ThioSTissue3,,brain,whole brain,,formalin-fixed,,,,,FALSE,TRUE,
46115,46115rh,,brain,whole brain,,frozen,,,,,FALSE,TRUE,
46116,46116,,blood,serum,,frozen,,,,,FALSE,FALSE,
46117,46117,,blood,serum,,frozen,,,,,FALSE,FALSE,
46121,46121,,blood,serum,,frozen,,,,,FALSE,FALSE,
46121,46121rh,,brain,whole brain,,frozen,,,,,FALSE,TRUE,
46122,46122,,blood,serum,,frozen,,,,,FALSE,FALSE,
46122,46122GIS,,brain,whole brain,,formalin-fixed,,,,,FALSE,TRUE,
46122,46122H&E,,brain,whole brain,,formalin-fixed,,,,,FALSE,TRUE,
46122,46122LIF,,brain,whole brain,,formalin-fixed,,,,,FALSE,TRUE,
46122,46122LB,,brain,whole brain,,formalin-fixed,,,,,FALSE,TRUE,
46122,46122NC,,brain,whole brain,,formalin-fixed,,,,,FALSE,TRUE,
46122,46122ThioS,,brain,whole brain,,formalin-fixed,,,,,FALSE,TRUE,
46131,46131,,blood,serum,,frozen,,,,,FALSE,FALSE,
46131,46131rh,,brain,whole brain,,frozen,,,,,FALSE,TRUE,
46132,46132,,blood,serum,,frozen,,,,,FALSE,FALSE,
46132,46132GIS,,brain,whole brain,,formalin-fixed,,,,,FALSE,TRUE,
46132,46132H&E,,brain,whole brain,,formalin-fixed,,,,,FALSE,TRUE,
46132,46132LIF,,brain,whole brain,,formalin-fixed,,,,,FALSE,TRUE,
46132,46132LB,,brain,whole brain,,formalin-fixed,,,,,FALSE,TRUE,
46132,46132NC,,brain,whole brain,,formalin-fixed,,,,,FALSE,TRUE,
46132,46132ThioS,,brain,whole brain,,formalin-fixed,,,,,FALSE,TRUE,
46132,46132rh,,brain,whole brain,,frozen,,,,,FALSE,TRUE,
46134,46134,,blood,serum,,frozen,,,,,FALSE,FALSE,
46134,46134rh,,brain,whole brain,,frozen,,,,,FALSE,TRUE,
46135,46135,,blood,serum,,frozen,,,,,FALSE,FALSE,
46138,46138,,blood,serum,,frozen,,,,,FALSE,FALSE,
46138,46138rh,,brain,whole brain,,frozen,,,,,FALSE,TRUE,
46141,46141,,blood,serum,,frozen,,,,,FALSE,FALSE,
46141,46141rh,,brain,whole brain,,frozen,,,,,FALSE,TRUE,
46142,46142,,blood,serum,,frozen,,,,,FALSE,FALSE,
46142,46142rh,,brain,whole brain,,frozen,,,,,FALSE,TRUE,
46150,46150,,blood,serum,,frozen,,,,,FALSE,FALSE,
46389,46389,,blood,serum,,fresh,,,,,FALSE,FALSE,
46392,46392,,blood,serum,,fresh,,,,,FALSE,FALSE,
46393,46393,,blood,serum,,fresh,,,,,FALSE,FALSE,
46862,46862,,blood,serum,,frozen,,,,,FALSE,FALSE,
46862,46862GIS,,brain,whole brain,,formalin-fixed,,,,,FALSE,TRUE,
46862,46862H&E,,brain,whole brain,,formalin-fixed,,,,,FALSE,TRUE,
46862,46862LIF,,brain,whole brain,,formalin-fixed,,,,,FALSE,TRUE,
46862,46862LB,,brain,whole brain,,formalin-fixed,,,,,FALSE,TRUE,
46862,46862NC,,brain,whole brain,,formalin-fixed,,,,,FALSE,TRUE,
46862,46862ThioS,,brain,whole brain,,formalin-fixed,,,,,FALSE,TRUE,
46862,46862rh,,brain,whole brain,,frozen,,,,,FALSE,TRUE,
46863,46863,,blood,serum,,frozen,,,,,FALSE,FALSE,
46863,46863rh,,brain,whole brain,,frozen,,,,,FALSE,TRUE,
46864,46864,,blood,serum,,frozen,,,,,FALSE,FALSE,
46864,46864GIS,,brain,whole brain,,formalin-fixed,,,,,FALSE,TRUE,
46864,46864H&E,,brain,whole brain,,formalin-fixed,,,,,FALSE,TRUE,
46864,46864X34,,brain,whole brain,,formalin-fixed,,,,,FALSE,TRUE,
46864,46864LFI,,brain,whole brain,,formalin-fixed,,,,,FALSE,TRUE,
46864,46864CVLB,,brain,whole brain,,formalin-fixed,,,,,FALSE,TRUE,
46864,46864NC,,brain,whole brain,,formalin-fixed,,,,,FALSE,TRUE,
46864,46864ThioS,,brain,whole brain,,formalin-fixed,,,,,FALSE,TRUE,
46864,"46864ThioSTissue9,10",,brain,whole brain,,formalin-fixed,,,,,FALSE,TRUE,
46865,46865,,blood,serum,,frozen,,,,,FALSE,FALSE,
46865,46865rh,,brain,whole brain,,frozen,,,,,FALSE,TRUE,
46866,46866,,blood,serum,,frozen,,,,,FALSE,FALSE,
46866,46866GIS,,brain,whole brain,,formalin-fixed,,,,,FALSE,TRUE,
46866,46866H&E,,brain,whole brain,,formalin-fixed,,,,,FALSE,TRUE,
46866,46866X34,,brain,whole brain,,formalin-fixed,,,,,FALSE,TRUE,
46866,46866LFI,,brain,whole brain,,formalin-fixed,,,,,FALSE,TRUE,
46866,46866CVLB,,brain,whole brain,,formalin-fixed,,,,,FALSE,TRUE,
46866,46866ThioS,,brain,whole brain,,formalin-fixed,,,,,FALSE,TRUE,
46866,46866rh,,brain,whole brain,,frozen,,,,,FALSE,TRUE,
46867,46867,,blood,serum,,frozen,,,,,FALSE,FALSE,
46867,46867rh,,brain,whole brain,,frozen,,,,,FALSE,TRUE,
46868,46868,,blood,serum,,frozen,,,,,FALSE,FALSE,
46868,46868GIS,,brain,whole brain,,formalin-fixed,,,,,FALSE,TRUE,
46868,46868H&E,,brain,whole brain,,formalin-fixed,,,,,FALSE,TRUE,
46868,46868LIF,,brain,whole brain,,formalin-fixed,,,,,FALSE,TRUE,
46868,46868LB,,brain,whole brain,,formalin-fixed,,,,,FALSE,TRUE,
46868,46868NC,,brain,whole brain,,formalin-fixed,,,,,FALSE,TRUE,
46868,46868ThioS,,brain,whole brain,,formalin-fixed,,,,,FALSE,TRUE,
46868,46868rh,,brain,whole brain,,frozen,,,,,FALSE,TRUE,
46869,46869,,blood,serum,,frozen,,,,,FALSE,FALSE,
46869,46869GIS,,brain,whole brain,,formalin-fixed,,,,,FALSE,TRUE,
46869,46869H&E,,brain,whole brain,,formalin-fixed,,,,,FALSE,TRUE,
46869,46869X34,,brain,whole brain,,formalin-fixed,,,,,FALSE,TRUE,
46869,46869LFI,,brain,whole brain,,formalin-fixed,,,,,FALSE,TRUE,
46869,46869NC,,brain,whole brain,,formalin-fixed,,,,,FALSE,TRUE,
46869,46869ThioS,,brain,whole brain,,formalin-fixed,,,,,FALSE,TRUE,
46871,46871,,blood,serum,,frozen,,,,,FALSE,FALSE,
46871,46871rh,,brain,whole brain,,frozen,,,,,FALSE,TRUE,
46872,46872,,blood,serum,,frozen,,,,,FALSE,FALSE,
46872,46872rh,,brain,whole brain,,frozen,,,,,FALSE,TRUE,
46873,46873,,blood,serum,,frozen,,,,,FALSE,FALSE,
46873,46873rh,,brain,whole brain,,frozen,,,,,FALSE,TRUE,
46874,46874,,blood,serum,,frozen,,,,,FALSE,FALSE,
46874,46874GIS,,brain,whole brain,,formalin-fixed,,,,,FALSE,TRUE,
46874,46874H&E,,brain,whole brain,,formalin-fixed,,,,,FALSE,TRUE,
46874,46874X34,,brain,whole brain,,formalin-fixed,,,,,FALSE,TRUE,
46874,46874LFI,,brain,whole brain,,formalin-fixed,,,,,FALSE,TRUE,
46874,46874CVLB,,brain,whole brain,,formalin-fixed,,,,,FALSE,TRUE,
46874,46874NC,,brain,whole brain,,formalin-fixed,,,,,FALSE,TRUE,
46874,46874ThioS,,brain,whole brain,,formalin-fixed,,,,,FALSE,TRUE,
46874,46874ThioSTissue8,,brain,whole brain,,formalin-fixed,,,,,FALSE,TRUE,
46874,46874rh,,brain,whole brain,,frozen,,,,,FALSE,TRUE,
46875,46875,,blood,serum,,frozen,,,,,FALSE,FALSE,
46875,46875GIS,,brain,whole brain,,formalin-fixed,,,,,FALSE,TRUE,
46875,46875H&E,,brain,whole brain,,formalin-fixed,,,,,FALSE,TRUE,
46875,46875LIF,,brain,whole brain,,formalin-fixed,,,,,FALSE,TRUE,
46875,46875LB,,brain,whole brain,,formalin-fixed,,,,,FALSE,TRUE,
46875,46875NC,,brain,whole brain,,formalin-fixed,,,,,FALSE,TRUE,
46875,46875ThioS,,brain,whole brain,,formalin-fixed,,,,,FALSE,TRUE,
46875,46875rh,,brain,whole brain,,frozen,,,,,FALSE,TRUE,
46876,46876,,blood,serum,,frozen,,,,,FALSE,FALSE,
46876,46876rh,,brain,whole brain,,frozen,,,,,FALSE,TRUE,
46877,46877,,blood,serum,,frozen,,,,,FALSE,FALSE,
46877,46877GIS,,brain,whole brain,,formalin-fixed,,,,,FALSE,TRUE,
46877,46877H&E,,brain,whole brain,,formalin-fixed,,,,,FALSE,TRUE,
46877,46877LIF,,brain,whole brain,,formalin-fixed,,,,,FALSE,TRUE,
46877,46877LB,,brain,whole brain,,formalin-fixed,,,,,FALSE,TRUE,
46877,46877NC,,brain,whole brain,,formalin-fixed,,,,,FALSE,TRUE,
46877,46877ThioS,,brain,whole brain,,formalin-fixed,,,,,FALSE,TRUE,
46877,46877rh,,brain,whole brain,,frozen,,,,,FALSE,TRUE,
46878,46878,,blood,serum,,frozen,,,,,FALSE,FALSE,
46878,46878rh,,brain,whole brain,,frozen,,,,,FALSE,TRUE,
46879,46879,,blood,serum,,frozen,,,,,FALSE,FALSE,
46879,46879rh,,brain,whole brain,,frozen,,,,,FALSE,TRUE,
46880,46880,,blood,serum,,frozen,,,,,FALSE,FALSE,
46881,46881,,blood,serum,,frozen,,,,,FALSE,FALSE,
46881,46881rh,,brain,whole brain,,frozen,,,,,FALSE,TRUE,
46882,46882,,blood,serum,,frozen,,,,,FALSE,FALSE,
46882,46882GIS,,brain,whole brain,,formalin-fixed,,,,,FALSE,TRUE,
46882,46882H&E,,brain,whole brain,,formalin-fixed,,,,,FALSE,TRUE,
46882,46882LIF,,brain,whole brain,,formalin-fixed,,,,,FALSE,TRUE,
46882,46882LB,,brain,whole brain,,formalin-fixed,,,,,FALSE,TRUE,
46882,46882NC,,brain,whole brain,,formalin-fixed,,,,,FALSE,TRUE,
46882,46882ThioS,,brain,whole brain,,formalin-fixed,,,,,FALSE,TRUE,
46882,46882rh,,brain,whole brain,,frozen,,,,,FALSE,TRUE,
46883,46883,,blood,serum,,frozen,,,,,FALSE,FALSE,
46883,46883rh,,brain,whole brain,,frozen,,,,,FALSE,TRUE,
46884,46884,,blood,serum,,frozen,,,,,FALSE,FALSE,
46884,46884rh,,brain,whole brain,,frozen,,,,,FALSE,TRUE,
46885,46885,,blood,serum,,frozen,,,,,FALSE,FALSE,
46885,46885rh,,brain,whole brain,,frozen,,,,,FALSE,TRUE,
46886,46886,,blood,serum,,frozen,,,,,FALSE,FALSE,
46886,46886rh,,brain,whole brain,,frozen,,,,,FALSE,TRUE,
46887,46887,,blood,serum,,frozen,,,,,FALSE,FALSE,
46887,46887rh,,brain,whole brain,,frozen,,,,,FALSE,TRUE,
46888,46888,,blood,serum,,frozen,,,,,FALSE,FALSE,
46888,46888GIS,,brain,whole brain,,formalin-fixed,,,,,FALSE,TRUE,
46888,46888H&E,,brain,whole brain,,formalin-fixed,,,,,FALSE,TRUE,
46888,46888X34,,brain,whole brain,,formalin-fixed,,,,,FALSE,TRUE,
46888,46888LFI,,brain,whole brain,,formalin-fixed,,,,,FALSE,TRUE,
46888,46888CVLB,,brain,whole brain,,formalin-fixed,,,,,FALSE,TRUE,
46888,46888NC,,brain,whole brain,,formalin-fixed,,,,,FALSE,TRUE,
46888,46888ThioS,,brain,whole brain,,formalin-fixed,,,,,FALSE,TRUE,
46888,"46888TS1,2,3,4",,brain,whole brain,,formalin-fixed,,,,,FALSE,TRUE,
46888,46888rh,,brain,whole brain,,frozen,,,,,FALSE,TRUE,
46889,46889,,blood,serum,,frozen,,,,,FALSE,FALSE,
46889,46889GIS,,brain,whole brain,,formalin-fixed,,,,,FALSE,TRUE,
46889,46889H&E,,brain,whole brain,,formalin-fixed,,,,,FALSE,TRUE,
46889,46889LIF,,brain,whole brain,,formalin-fixed,,,,,FALSE,TRUE,
46889,46889LB,,brain,whole brain,,formalin-fixed,,,,,FALSE,TRUE,
46889,46889NC,,brain,whole brain,,formalin-fixed,,,,,FALSE,TRUE,
46889,46889ThioS,,brain,whole brain,,formalin-fixed,,,,,FALSE,TRUE,
46889,46889rh,,brain,whole brain,,frozen,,,,,FALSE,TRUE,
46890,46890,,blood,serum,,frozen,,,,,FALSE,FALSE,
46890,46890rh,,brain,whole brain,,frozen,,,,,FALSE,TRUE,
46891,46891,,blood,serum,,frozen,,,,,FALSE,FALSE,
46891,46891rh,,brain,whole brain,,frozen,,,,,FALSE,TRUE,
46892,46892,,blood,serum,,frozen,,,,,FALSE,FALSE,
46892,46892rh,,brain,whole brain,,frozen,,,,,FALSE,TRUE,
46893,46893,,blood,serum,,frozen,,,,,FALSE,FALSE,
46893,46893rh,,brain,whole brain,,frozen,,,,,FALSE,TRUE,
46895,46895,,blood,serum,,frozen,,,,,FALSE,FALSE,
46895,46895rh,,brain,whole brain,,frozen,,,,,FALSE,TRUE,
46896,46896,,blood,serum,,frozen,,,,,FALSE,FALSE,
46896,46896rh,,brain,whole brain,,frozen,,,,,FALSE,TRUE,
46897,46897,,blood,serum,,frozen,,,,,FALSE,FALSE,
46897,46897rh,,brain,whole brain,,frozen,,,,,FALSE,TRUE,
48102,48102,,blood,serum,,fresh,,,,,FALSE,FALSE,
48103,48103,,blood,serum,,fresh,,,,,FALSE,FALSE,
48110,48110,,blood,serum,,fresh,,,,,FALSE,FALSE,
48112,48112,,blood,serum,,fresh,,,,,FALSE,FALSE,
48851,48851,,blood,serum,,fresh,,,,,FALSE,FALSE,
48854,48854,,blood,serum,,fresh,,,,,FALSE,FALSE,
48855,48855,,blood,serum,,fresh,,,,,FALSE,FALSE,
48857,48857,,blood,serum,,fresh,,,,,FALSE,FALSE,
48858,48858,,blood,serum,,fresh,,,,,FALSE,FALSE,
48859,48859,,blood,serum,,fresh,,,,,FALSE,FALSE,
48862,48862,,blood,serum,,fresh,,,,,FALSE,FALSE,
48865,48865,,blood,serum,,fresh,,,,,FALSE,FALSE,
48867,48867,,blood,serum,,fresh,,,,,FALSE,FALSE,
48873,48873,,blood,serum,,fresh,,,,,FALSE,FALSE,
48874,48874,,blood,serum,,fresh,,,,,FALSE,FALSE,
48876,48876,,blood,serum,,fresh,,,,,FALSE,FALSE,
48877,48877,,blood,serum,,fresh,,,,,FALSE,FALSE,
48884,48884,,blood,serum,,fresh,,,,,FALSE,FALSE,
48885,48885,,blood,serum,,fresh,,,,,FALSE,FALSE,
48888,48888,,blood,serum,,fresh,,,,,FALSE,FALSE,
48889,48889,,blood,serum,,fresh,,,,,FALSE,FALSE,
48890,48890,,blood,serum,,fresh,,,,,FALSE,FALSE,
48891,48891,,blood,serum,,fresh,,,,,FALSE,FALSE,
10000000,010000000rh,soluble,brain,right cerebral hemisphere,,frozen,,,,,FALSE,TRUE,
10000000,10000000plasma,,blood,plasma,,fresh,,,,,FALSE,FALSE,
10000001,010000001rh,soluble,brain,right cerebral hemisphere,,frozen,,,,,FALSE,TRUE,
10000003,010000003rh,soluble,brain,right cerebral hemisphere,,frozen,,,,,FALSE,TRUE,
10000004,010000004rh,soluble,brain,right cerebral hemisphere,,frozen,,,,,FALSE,TRUE,
10000005,010000005rh,soluble,brain,right cerebral hemisphere,,frozen,,,,,FALSE,TRUE,
103018101,103018101plasma,,blood,plasma,,fresh,,,,,FALSE,FALSE,
103018105,103018105plasma,,blood,plasma,,fresh,,,,,FALSE,FALSE,
286688317,286688317rh,soluble,brain,right cerebral hemisphere,,frozen,,,,,FALSE,TRUE,
286688317,286688317plasma,,blood,plasma,,fresh,,,,,FALSE,FALSE,
288625970,288625970rh,soluble,brain,right cerebral hemisphere,,frozen,,,,,FALSE,TRUE,
288625970,288625970plasma,,blood,plasma,,fresh,,,,,FALSE,FALSE,
288630774,288630774plasma,,blood,plasma,,fresh,,,,,FALSE,FALSE,
288634080,288634080rh,soluble,brain,right cerebral hemisphere,,frozen,,,,,FALSE,TRUE,
288634080,288634080plasma,,blood,plasma,,fresh,,,,,FALSE,FALSE,
288634442,288634442rh,soluble,brain,right cerebral hemisphere,,frozen,,,,,FALSE,TRUE,
288634442,288634442plasma,,blood,plasma,,fresh,,,,,FALSE,FALSE,
288638603,288638603rh,soluble,brain,right cerebral hemisphere,,frozen,,,,,FALSE,TRUE,
288638603,288638603plasma,,blood,plasma,,fresh,,,,,FALSE,FALSE,
288642919,288642919rh,soluble,brain,right cerebral hemisphere,,frozen,,,,,FALSE,TRUE,
288642919,288642919plasma,,blood,plasma,,fresh,,,,,FALSE,FALSE,
288666869,288666869rh,soluble,brain,right cerebral hemisphere,,frozen,,,,,FALSE,TRUE,
288666869,288666869plasma,,blood,plasma,,fresh,,,,,FALSE,FALSE,
288687633,288687633rh,soluble,brain,right cerebral hemisphere,,frozen,,,,,FALSE,TRUE,
288691227,288691227plasma,,blood,plasma,,fresh,,,,,FALSE,FALSE,
288699931,288699931rh,soluble,brain,right cerebral hemisphere,,frozen,,,,,FALSE,TRUE,
288699931,288699931plasma,,blood,plasma,,fresh,,,,,FALSE,FALSE,
288703495,288703495rh,soluble,brain,right cerebral hemisphere,,frozen,,,,,FALSE,TRUE,
288703495,288703495plasma,,blood,plasma,,fresh,,,,,FALSE,FALSE,
288703792,288703792rh,soluble,brain,right cerebral hemisphere,,frozen,,,,,FALSE,TRUE,
288704069,288704069plasma,,blood,plasma,,fresh,,,,,FALSE,FALSE,
288704133,288704133rh,soluble,brain,right cerebral hemisphere,,frozen,,,,,FALSE,TRUE,
288704133,288704133plasma,,blood,plasma,,fresh,,,,,FALSE,FALSE,
288704295,288704295rh,soluble,brain,right cerebral hemisphere,,frozen,,,,,FALSE,TRUE,
288704295,288704295plasma,,blood,plasma,,fresh,,,,,FALSE,FALSE,
288724818,288724818rh,soluble,brain,right cerebral hemisphere,,frozen,,,,,FALSE,TRUE,
288724818,288724818plasma,,blood,plasma,,fresh,,,,,FALSE,FALSE,
288728142,288728142rh,soluble,brain,right cerebral hemisphere,,frozen,,,,,FALSE,TRUE,
288728142,288728142plasma,,blood,plasma,,fresh,,,,,FALSE,FALSE,
288728926,288728926plasma,,blood,plasma,,fresh,,,,,FALSE,FALSE,
288732317,288732317plasma,,blood,plasma,,fresh,,,,,FALSE,FALSE,
288733176,288733176rh,soluble,brain,right cerebral hemisphere,,frozen,,,,,FALSE,TRUE,
288733176,288733176plasma,,blood,plasma,,fresh,,,,,FALSE,FALSE,
288737269,288737269rh,soluble,brain,right cerebral hemisphere,,frozen,,,,,FALSE,TRUE,
288737269,288737269plasma,,blood,plasma,,fresh,,,,,FALSE,FALSE,
288757006,288757006rh,soluble,brain,right cerebral hemisphere,,frozen,,,,,FALSE,TRUE,
288757006,288757006plasma,,blood,plasma,,fresh,,,,,FALSE,FALSE,
288773263,288773263rh,soluble,brain,right cerebral hemisphere,,frozen,,,,,FALSE,TRUE,
288785711,288785711plasma,,blood,plasma,,fresh,,,,,FALSE,FALSE,
288798550,288798550rh,soluble,brain,right cerebral hemisphere,,frozen,,,,,FALSE,TRUE,
288802204,288802204rh,soluble,brain,right cerebral hemisphere,,frozen,,,,,FALSE,TRUE,
288802204,288802204plasma,,blood,plasma,,fresh,,,,,FALSE,FALSE,
288802786,288802786rh,soluble,brain,right cerebral hemisphere,,frozen,,,,,FALSE,TRUE,
288802786,288802786plasma,,blood,plasma,,fresh,,,,,FALSE,FALSE,
288810944,288810944rh,soluble,brain,right cerebral hemisphere,,frozen,,,,,FALSE,TRUE,
288810944,288810944plasma,,blood,plasma,,fresh,,,,,FALSE,FALSE,
288818830,288818830plasma,,blood,plasma,,fresh,,,,,FALSE,FALSE,
288818985,288818985rh,soluble,brain,right cerebral hemisphere,,frozen,,,,,FALSE,TRUE,
288818985,288818985plasma,,blood,plasma,,fresh,,,,,FALSE,FALSE,
288839656,288839656rh,soluble,brain,right cerebral hemisphere,,frozen,,,,,FALSE,TRUE,
288839656,288839656plasma,,blood,plasma,,fresh,,,,,FALSE,FALSE,
288847752,288847752plasma,,blood,plasma,,fresh,,,,,FALSE,FALSE,
289449066,289449066rh,soluble,brain,right cerebral hemisphere,,frozen,,,,,FALSE,TRUE,
289449066,289449066plasma,,blood,plasma,,fresh,,,,,FALSE,FALSE,
289478154,289478154rh,soluble,brain,right cerebral hemisphere,,frozen,,,,,FALSE,TRUE,
289478154,289478154plasma,,blood,plasma,,fresh,,,,,FALSE,FALSE,
289486070,289486070rh,soluble,brain,right cerebral hemisphere,,frozen,,,,,FALSE,TRUE,
289486070,289486070plasma,,blood,plasma,,fresh,,,,,FALSE,FALSE,
289494433,289494433rh,soluble,brain,right cerebral hemisphere,,frozen,,,,,FALSE,TRUE,
289494433,289494433plasma,,blood,plasma,,fresh,,,,,FALSE,FALSE,
289515284,289515284rh,soluble,brain,right cerebral hemisphere,,frozen,,,,,FALSE,TRUE,
289515284,289515284plasma,,blood,plasma,,fresh,,,,,FALSE,FALSE,
289515435,289515435rh,soluble,brain,right cerebral hemisphere,,frozen,,,,,FALSE,TRUE,
289515435,289515435plasma,,blood,plasma,,fresh,,,,,FALSE,FALSE,
289527338,289527338rh,soluble,brain,right cerebral hemisphere,,frozen,,,,,FALSE,TRUE,
289527338,289527338plasma,,blood,plasma,,fresh,,,,,FALSE,FALSE,
289539075,289539075rh,soluble,brain,right cerebral hemisphere,,frozen,,,,,FALSE,TRUE,
289539075,289539075plasma,,blood,plasma,,fresh,,,,,FALSE,FALSE,
289547424,289547424rh,soluble,brain,right cerebral hemisphere,,frozen,,,,,FALSE,TRUE,
289547424,289547424plasma,,blood,plasma,,fresh,,,,,FALSE,FALSE,
289551487,289551487rh,soluble,brain,right cerebral hemisphere,,frozen,,,,,FALSE,TRUE,
289551487,289551487plasma,,blood,plasma,,fresh,,,,,FALSE,FALSE,
289559723,289559723rh,soluble,brain,right cerebral hemisphere,,frozen,,,,,FALSE,TRUE,
289559723,289559723plasma,,blood,plasma,,fresh,,,,,FALSE,FALSE,
289560043,289560043rh,soluble,brain,right cerebral hemisphere,,frozen,,,,,FALSE,TRUE,
289560043,289560043plasma,,blood,plasma,,fresh,,,,,FALSE,FALSE,
289563999,289563999rh,soluble,brain,right cerebral hemisphere,,frozen,,,,,FALSE,TRUE,
289563999,289563999plasma,,blood,plasma,,fresh,,,,,FALSE,FALSE,
289564298,289564298rh,soluble,brain,right cerebral hemisphere,,frozen,,,,,FALSE,TRUE,
289564321,289564321rh,soluble,brain,right cerebral hemisphere,,frozen,,,,,FALSE,TRUE,
289564321,289564321plasma,,blood,plasma,,fresh,,,,,FALSE,FALSE,
289572096,289572096rh,soluble,brain,right cerebral hemisphere,,frozen,,,,,FALSE,TRUE,
289572096,289572096plasma,,blood,plasma,,fresh,,,,,FALSE,FALSE,
289580472,289580472rh,soluble,brain,right cerebral hemisphere,,frozen,,,,,FALSE,TRUE,
289580472,289580472plasma,,blood,plasma,,fresh,,,,,FALSE,FALSE,
289600554,289600554plasma,,blood,plasma,,fresh,,,,,FALSE,FALSE,
289613193,289613193rh,soluble,brain,right cerebral hemisphere,,frozen,,,,,FALSE,TRUE,
289613193,289613193plasma,,blood,plasma,,fresh,,,,,FALSE,FALSE,
289617072,289617072rh,soluble,brain,right cerebral hemisphere,,frozen,,,,,FALSE,TRUE,
289617072,289617072plasma,,blood,plasma,,fresh,,,,,FALSE,FALSE,
289621350,289621350rh,soluble,brain,right cerebral hemisphere,,frozen,,,,,FALSE,TRUE,
289621350,289621350plasma,,blood,plasma,,fresh,,,,,FALSE,FALSE,
289633552,289633552rh,soluble,brain,right cerebral hemisphere,,frozen,,,,,FALSE,TRUE,
289633552,289633552plasma,,blood,plasma,,fresh,,,,,FALSE,FALSE,
289637649,289637649rh,soluble,brain,right cerebral hemisphere,,frozen,,,,,FALSE,TRUE,
289637966,289637966rh,soluble,brain,right cerebral hemisphere,,frozen,,,,,FALSE,TRUE,
289637966,289637966plasma,,blood,plasma,,fresh,,,,,FALSE,FALSE,
289641534,289641534rh,soluble,brain,right cerebral hemisphere,,frozen,,,,,FALSE,TRUE,
289641534,289641534plasma,,blood,plasma,,fresh,,,,,FALSE,FALSE,
289641792,289641792rh,soluble,brain,right cerebral hemisphere,,frozen,,,,,FALSE,TRUE,
289641792,289641792plasma,,blood,plasma,,fresh,,,,,FALSE,FALSE,
289650280,289650280rh,soluble,brain,right cerebral hemisphere,,frozen,,,,,FALSE,TRUE,
289650280,289650280plasma,,blood,plasma,,fresh,,,,,FALSE,FALSE,
289658311,289658311rh,soluble,brain,right cerebral hemisphere,,frozen,,,,,FALSE,TRUE,
289658311,289658311plasma,,blood,plasma,,fresh,,,,,FALSE,FALSE,
289658432,289658432rh,soluble,brain,right cerebral hemisphere,,frozen,,,,,FALSE,TRUE,
289679201,289679201rh,soluble,brain,right cerebral hemisphere,,frozen,,,,,FALSE,TRUE,
289679201,289679201plasma,,blood,plasma,,fresh,,,,,FALSE,FALSE,
289682482,289682482rh,soluble,brain,right cerebral hemisphere,,frozen,,,,,FALSE,TRUE,
289682482,289682482plasma,,blood,plasma,,fresh,,,,,FALSE,FALSE,
289682694,289682694rh,soluble,brain,right cerebral hemisphere,,frozen,,,,,FALSE,TRUE,
289682694,289682694plasma,,blood,plasma,,fresh,,,,,FALSE,FALSE,
289683019,289683019rh,soluble,brain,right cerebral hemisphere,,frozen,,,,,FALSE,TRUE,
289683019,289683019plasma,,blood,plasma,,fresh,,,,,FALSE,FALSE,
289691223,289691223rh,soluble,brain,right cerebral hemisphere,,frozen,,,,,FALSE,TRUE,
289691223,289691223plasma,,blood,plasma,,fresh,,,,,FALSE,FALSE,
289765067,289765067rh,soluble,brain,right cerebral hemisphere,,frozen,,,,,FALSE,TRUE,
289765067,289765067plasma,,blood,plasma,,fresh,,,,,FALSE,FALSE,
289768826,289768826rh,soluble,brain,right cerebral hemisphere,,frozen,,,,,FALSE,TRUE,
289768826,289768826plasma,,blood,plasma,,fresh,,,,,FALSE,FALSE,
289768916,289768916rh,soluble,brain,right cerebral hemisphere,,frozen,,,,,FALSE,TRUE,
289769086,289769086rh,soluble,brain,right cerebral hemisphere,,frozen,,,,,FALSE,TRUE,
289769086,289769086plasma,,blood,plasma,,fresh,,,,,FALSE,FALSE,
289769128,289769128rh,soluble,brain,right cerebral hemisphere,,frozen,,,,,FALSE,TRUE,
289769128,289769128plasma,,blood,plasma,,fresh,,,,,FALSE,FALSE,
289797816,289797816rh,soluble,brain,right cerebral hemisphere,,frozen,,,,,FALSE,TRUE,
289797816,289797816plasma,,blood,plasma,,fresh,,,,,FALSE,FALSE,
289949569,289949569rh,soluble,brain,right cerebral hemisphere,,frozen,,,,,FALSE,TRUE,
289949569,289949569plasma,,blood,plasma,,fresh,,,,,FALSE,FALSE,
289973389,289973389rh,soluble,brain,right cerebral hemisphere,,frozen,,,,,FALSE,TRUE,
289973389,289973389plasma,,blood,plasma,,fresh,,,,,FALSE,FALSE,
289973785,289973785rh,soluble,brain,right cerebral hemisphere,,frozen,,,,,FALSE,TRUE,
289973785,289973785plasma,,blood,plasma,,fresh,,,,,FALSE,FALSE,
289973901,289973901rh,soluble,brain,right cerebral hemisphere,,frozen,,,,,FALSE,TRUE,
289973901,289973901plasma,,blood,plasma,,fresh,,,,,FALSE,FALSE,
289973973,289973973rh,soluble,brain,right cerebral hemisphere,,frozen,,,,,FALSE,TRUE,
289973973,289973973plasma,,blood,plasma,,fresh,,,,,FALSE,FALSE,
289974047,289974047rh,soluble,brain,right cerebral hemisphere,,frozen,,,,,FALSE,TRUE,
289974047,289974047plasma,,blood,plasma,,fresh,,,,,FALSE,FALSE,
289974219,289974219rh,soluble,brain,right cerebral hemisphere,,frozen,,,,,FALSE,TRUE,
289974219,289974219plasma,,blood,plasma,,fresh,,,,,FALSE,FALSE,
289981874,289981874rh,soluble,brain,right cerebral hemisphere,,frozen,,,,,FALSE,TRUE,
289981879,289981879rh,soluble,brain,right cerebral hemisphere,,frozen,,,,,FALSE,TRUE,
289982102,289982102rh,soluble,brain,right cerebral hemisphere,,frozen,,,,,FALSE,TRUE,
289982102,289982102plasma,,blood,plasma,,fresh,,,,,FALSE,FALSE,